wallet_address,referrer_wallet,payment_datetime,total_payment
A1,A1,10/15/2025 0:00,130
A2,A1,10/15/2025 0:03,130
A3,A1,10/15/2025 0:06,130
A4,A1,10/15/2025 0:09,130
B1,A2,10/15/2025 0:12,130
B2,B1,10/15/2025 0:15,130
B3,B1,10/15/2025 0:18,130
B4,B1,10/15/2025 0:21,130
C1,A3,10/15/2025 0:24,130
C2,C1,10/15/2025 0:27,130
C3,C1,10/15/2025 0:30,130
C4,C1,10/15/2025 0:33,130
D1,A4,10/15/2025 0:36,130
D2,D1,10/15/2025 0:39,130
D3,D1,10/15/2025 0:42,130
D4,D1,10/15/2025 0:45,130
L1,D1,10/15/2025 0:48,130
L2,L1,10/15/2025 0:51,130
L3,L1,10/15/2025 0:54,130
L4,L1,10/15/2025 0:57,130
E1,B2,10/15/2025 1:00,130
E2,E1,10/15/2025 1:03,130
E3,E1,10/15/2025 1:06,130
E4,E1,10/15/2025 1:09,130
F1,C2,10/15/2025 1:12,130
F2,F1,10/15/2025 1:15,130
F3,F1,10/15/2025 1:18,130
F4,F1,10/15/2025 1:21,130
G1,C3,10/15/2025 1:24,130
G2,G1,10/15/2025 1:27,130
G3,G1,10/15/2025 1:30,130
G4,G1,10/15/2025 1:33,130
H1,F3,10/15/2025 1:36,130
H2,H1,10/15/2025 1:39,130
H3,H1,10/15/2025 1:42,130
H4,H1,10/15/2025 1:45,130
I1,E4,10/15/2025 1:48,130
I2,I1,10/15/2025 1:51,130
I3,I1,10/15/2025 1:54,130
I4,I1,10/15/2025 1:57,130
J1,G2,10/15/2025 2:00,130
J2,J1,10/15/2025 2:03,130
J3,J1,10/15/2025 2:06,130
J4,J1,10/15/2025 2:09,130
K1,D4,10/15/2025 2:12,130
K2,K1,10/15/2025 2:15,130
K3,K1,10/15/2025 2:18,130
K4,K1,10/15/2025 2:21,130
M1,G4,10/15/2025 2:24,130
M2,M1,10/15/2025 2:27,130
M3,M1,10/15/2025 2:30,130
M4,M1,10/15/2025 2:33,130
N1,M1,10/15/2025 2:36,130
N2,N1,10/15/2025 2:39,130
N3,N1,10/15/2025 2:42,130
N4,N1,10/15/2025 2:45,130
O1,N4,10/15/2025 2:48,130
O2,O1,10/15/2025 2:51,130
O3,O1,10/15/2025 2:54,130
O4,O1,10/15/2025 2:57,130
P1,I2,10/15/2025 3:00,130
P2,P1,10/15/2025 3:03,130
P3,P1,10/15/2025 3:06,130
P4,P1,10/15/2025 3:09,130
Q1,O3,10/15/2025 3:12,130
Q2,Q1,10/15/2025 3:15,130
Q3,Q1,10/15/2025 3:18,130
Q4,Q1,10/15/2025 3:21,130
R1,Q2,10/15/2025 3:24,130
R2,R1,10/15/2025 3:27,130
R3,R1,10/15/2025 3:30,130
R4,R1,10/15/2025 3:33,130
S1,R4,10/15/2025 3:36,130
S2,S1,10/15/2025 3:39,130
S3,S1,10/15/2025 3:42,130
S4,S1,10/15/2025 3:45,130
T1,B4,10/15/2025 3:48,130
T2,T1,10/15/2025 3:51,130
T3,T1,10/15/2025 3:54,130
T4,T1,10/15/2025 3:57,130
U1,M4,10/15/2025 4:00,130
U2,U1,10/15/2025 4:03,130
U3,U1,10/15/2025 4:06,130
U4,U1,10/15/2025 4:09,130
V1,U4,10/15/2025 4:12,130
V2,V1,10/15/2025 4:15,130
V3,V1,10/15/2025 4:18,130
V4,V1,10/15/2025 4:21,130
W1,L4,10/15/2025 4:24,130
W2,W1,10/15/2025 4:27,130
W3,W1,10/15/2025 4:30,130
W4,W1,10/15/2025 4:33,130
X1,K3,10/15/2025 4:36,130
X2,X1,10/15/2025 4:39,130
X3,X1,10/15/2025 4:42,130
X4,X1,10/15/2025 4:45,130
Y1,X2,10/15/2025 4:48,130
Y2,Y1,10/15/2025 4:51,130
Y3,Y1,10/15/2025 4:54,130
Y4,Y1,10/15/2025 4:57,130
Z1,Y3,10/15/2025 5:00,130
Z2,Z1,10/15/2025 5:03,130
Z3,Z1,10/15/2025 5:06,130
Z4,Z1,10/15/2025 5:09,130
Z1,Y3,10/17/2025 0:05,150
Y1,X2,10/17/2025 0:08,150
X1,K3,10/17/2025 0:11,150
K1,D4,10/17/2025 0:14,150
D1,A4,10/17/2025 0:17,150
S1,R4,10/17/2025 0:20,150
R1,Q2,10/17/2025 0:23,150
Q1,O3,10/17/2025 0:26,150
O1,N4,10/17/2025 0:29,150
N1,M1,10/17/2025 0:32,150
M1,G4,10/17/2025 0:35,150
G1,C3,10/17/2025 0:38,150
C1,A3,10/17/2025 0:41,150
P1,I2,10/17/2025 0:44,150
I1,E4,10/17/2025 0:47,150
E1,B2,10/17/2025 0:50,150
B1,A2,10/17/2025 0:53,150
